No,Citra,Ukuran Pesan,Panjang Pesan (karakter),Panjang Pesan (byte),Data Terenkripsi (byte),Kapasitas (byte),MSE,PSNR (dB),Status
1,Foto Pemandangan.png,Kecil,41,41,85,921591,5.113e-05,91.0437,Di atas 40 dB
2,Foto Pemandangan.png,Sedang,167,167,211,921591,0.00012153,87.284,Di atas 40 dB
3,Foto Pemandangan.png,Besar,1670,1670,1714,921591,0.00093872,78.4054,Di atas 40 dB
4,bahlil.png,Kecil,41,41,85,777412,6.206e-05,90.2024,Di atas 40 dB
5,bahlil.png,Sedang,167,167,211,777412,0.00015227,86.3048,Di atas 40 dB
6,bahlil.png,Besar,1670,1670,1714,777412,0.00109899,77.7209,Di atas 40 dB
7,bunga.png,Kecil,41,41,85,74841,0.00065798,79.9487,Di atas 40 dB
8,bunga.png,Sedang,167,167,211,74841,0.00141617,76.6197,Di atas 40 dB
9,bunga.png,Besar,1670,1670,1714,74841,0.01159987,67.4863,Di atas 40 dB
10,objek.png,Kecil,41,41,85,62428,0.00076677,79.2842,Di atas 40 dB
11,objek.png,Sedang,167,167,211,62428,0.00176376,75.6664,Di atas 40 dB
12,objek.png,Besar,1670,1670,1714,62428,0.01373173,66.7536,Di atas 40 dB
13,olahraga.png,Kecil,41,41,85,2742291,1.682e-05,95.8726,Di atas 40 dB
14,olahraga.png,Sedang,167,167,211,2742291,4.153e-05,91.9477,Di atas 40 dB
15,olahraga.png,Besar,1670,1670,1714,2742291,0.00031525,83.1443,Di atas 40 dB
